employeeId,hoTen,Giới tính
NV2026001,Nguyễn Văn An,Nam
NV2026002,Trần Thị Bình,Nữ
NV2026003,Lê Hoàng Cường,Nam
NV2026004,Phạm Thị Dung,Nữ
NV2026005,Hoàng Minh Đức,nam
NV2026006,Vũ Thị Hoa,nữ
NV2026007,Đặng Văn Giang,NAM
NV2026008,Bùi Thị Hạnh,NỮ
NV2026009,Đỗ Quang Huy,Male
NV2026010,Ngô Thị Kim,Female
NV2026011,Dương Văn Long,M
NV2026012,Lý Thị Mai,F
NV2026013,Phan Hoàng Nam,Nam
NV2026014,Trương Thị Oanh,Nữ
NV2026015,Đinh Văn Phúc,Nam
NV2026016,Mai Thị Quỳnh,Nữ
NV2026017,Tô Văn Sơn,
NV2026018,Hồ Thị Thu,
NV2026019,Cao Văn Uy,Khác
NV2026020,Lương Thị Vân,Nữ
